{
  "total_chunks": 10661,
  "total_files": 1160,
  "embedding_model": "all-MiniLM-L6-v2",
  "dimension": 384,
  "indexed_at": 1759443853.6504304,
  "stage1_time_sec": 6.255903959274292,
  "stage2_time_sec": 483.9681324958801
}